Name,Path,SAMAccountName,userPrincipalName,OfficePhone,department,AccountPassword,City,Company,Country,Display Name,EmailAddress,Organization,State
James Kirk,"OU=InfoTech,OU=Corp,DC=contoso,DC=local",james.kirk,james.kirk@contoso.local,555-555-1234,InfoTech,P@ssword,Green Bay,Initech,US,James Kirk,james.kirk@contoso.local,Initech,WI
Sam Malone,"OU=InfoTech,OU=Corp,DC=contoso,DC=local",sam.malone,sam.malone@contoso.local,555-555-1235,InfoTech,P@ssword,Green Bay,Initech,US,Sam Malone,sam.malone@contoso.local,Initech,WI
Ryan Howard,"OU=InfoTech,OU=Corp,DC=contoso,DC=local",ryan.howard,ryan.howard@contoso.local,555-555-1236,InfoTech,P@ssword,Green Bay,Initech,US,Ryan Howard,ryan.howard@contoso.local,Initech,WI
Daryll Philbin,"OU=InfoTech,OU=Corp,DC=contoso,DC=local",daryll.philbin,daryll.philbin@contoso.local,555-555-1237,InfoTech,P@ssword,Green Bay,Initech,US,Daryll Philbin,daryll.philbin@contoso.local,Initech,WI
Angela Martin,"OU=Accounting,OU=Corp,DC=contoso,DC=local",angela.martin,angela.martin@contoso.local,555-555-1238,Accounting,P@ssword,Green Bay,Initech,US,Angela Martin,angela.martin@contoso.local,Initech,WI
Kevin Malone,"OU=Accounting,OU=Corp,DC=contoso,DC=local",kevin.malone,kevin.malone@contoso.local,555-555-1239,Accounting,P@ssword,Green Bay,Initech,US,Kevin Malone,kevin.malone@contoso.local,Initech,WI
Oscar Martinez,"OU=Accounting,OU=Corp,DC=contoso,DC=local",oscar.martinez,oscar.martinez@contoso.local,555-555-1240,Accounting,P@ssword,Green Bay,Initech,US,Oscar Martinez,oscar.martinez@contoso.local,Initech,WI
Cosmo Kramer,"OU=Accounting,OU=Corp,DC=contoso,DC=local",cosmo.kramer,cosmo.kramer@contoso.local,555-555-1241,Accounting,P@ssword,Green Bay,Initech,US,Cosmo Kramer,cosmo.kramer@contoso.local,Initech,WI
Peter Gibbons,"OU=Developers,OU=Corp,DC=contoso,DC=local",peter.gibbons,peter.gibbons@contoso.local,555-555-1242,Developers,P@ssword,Green Bay,Initech,US,Peter Gibbons,peter.gibbons@contoso.local,Initech,WI
Michael Bolton,"OU=Developers,OU=Corp,DC=contoso,DC=local",michael.bolton,michael.bolton@contoso.local,555-555-1243,Developers,P@ssword,Green Bay,Initech,US,Michael Bolton,michael.bolton@contoso.local,Initech,WI
Tom Smykowski,"OU=Developers,OU=Corp,DC=contoso,DC=local",tom.smykowski,tom.smykowski@contoso.local,555-555-1244,Developers,P@ssword,Green Bay,Initech,US,Tom Smykowski,tom.smykowski@contoso.local,Initech,WI
Bill Lumbergh,"OU=Developers,OU=Corp,DC=contoso,DC=local",bill.lumbergh,bill.lumbergh@contoso.local,555-555-1245,Developers,P@ssword,Green Bay,Initech,US,Bill Lumbergh,bill.lumbergh@contoso.local,Initech,WI
Michael Scott,"OU=Manufacturing,OU=Corp,DC=contoso,DC=local",michael.scott,michael.scott@contoso.local,555-555-1246,Manufacturing,P@ssword,Green Bay,Initech,US,Michael Scott,michael.scott@contoso.local,Initech,WI
Milton Waddams,"OU=Manufacturing,OU=Corp,DC=contoso,DC=local",milton.waddams,milton.waddams@contoso.local,555-555-1247,Manufacturing,P@ssword,Green Bay,Initech,US,Milton Waddams,milton.waddams@contoso.local,Initech,WI
Bob Slydell,"OU=Manufacturing,OU=Corp,DC=contoso,DC=local",bob.slydell,bob.slydell@contoso.local,555-555-1248,Manufacturing,P@ssword,Green Bay,Initech,US,Bob Slydell,bob.slydell@contoso.local,Initech,WI
Bob Porter,"OU=Manufacturing,OU=Corp,DC=contoso,DC=local",bob.porter,bob.porter@contoso.local,555-555-1249,Manufacturing,P@ssword,Green Bay,Initech,US,Bob Porter,bob.porter@contoso.local,Initech,WI
Amie Baldwin,"OU=Accounting,OU=Corp,DC=contoso,DC=local",Amie.Baldwin,Amie.Baldwin@contoso.local,555-1234,Accounting,P@ssword,Green Bay,Initech,US,Amie Baldwin,Amie.Baldwin@contoso.local,Initech,WI
Scott Culp,"OU=Accounting,OU=Corp,DC=contoso,DC=local",Scott.Culp,Scott.Culp@contoso.local,555-1236,Accounting,P@ssword,Green Bay,Initech,US,Scott Culp,Scott.Culp@contoso.local,Initech,WI
Derek Graham,"OU=developers,OU=Corp,DC=contoso,DC=local",Derek.Graham,Derek.Graham@contoso.local,555-1239,developers,P@ssword,Green Bay,Initech,US,Derek Graham,Derek.Graham@contoso.local,Initech,WI
Stephanie Bourne,"OU=Sales,OU=Corp,DC=contoso,DC=local",Stephanie.Bourne,Stephanie.Bourne@contoso.local,555-1239,Sales,P@ssword,Green Bay,Initech,US,Stephanie Bourne,Stephanie.Bourne@contoso.local,Initech,WI
Matthew Dunn,"OU=Executive,OU=Corp,DC=contoso,DC=local",Matthew.Dunn,Matthew.Dunn@contoso.local,555-1230,Executive,P@ssword,Green Bay,Initech,US,Matthew Dunn,Matthew.Dunn@contoso.local,Initech,WI
Sherri Hart,"OU=Developers,OU=Corp,DC=contoso,DC=local",Sherri.Hart,Sherri.Hart@contoso.local,555-1231,Developers,P@ssword,Green Bay,Initech,US,Sherri Hart,Sherri.Hart@contoso.local,Initech,WI
Jay Jamieson,"OU=Sales,OU=Corp,DC=contoso,DC=local",Jay.Jamieson,Jay.Jamieson@contoso.local,555-1232,Sales,P@ssword,Green Bay,Initech,US,Jay Jamieson,Jay.Jamieson@contoso.local,Initech,WI
Lani Ota,"OU=Sales,OU=Corp,DC=contoso,DC=local",Lani.Ota,Lani.Ota@contoso.local,555-1233,Sales,P@ssword,Green Bay,Initech,US,Lani Ota,Lani.Ota@contoso.local,Initech,WI
Carolyn Seeley,"OU=Accounting,OU=Corp,DC=contoso,DC=local",Carolyn.Seeley,Carolyn.Seeley@contoso.local,555-4321,Accounting,P@ssword,Green Bay,Initech,US,Carolyn Seeley,Carolyn.Seeley@contoso.local,Initech,WI
Robert Lyon,"OU=Accounting,OU=Corp,DC=contoso,DC=local",Robert.Lyon,Robert.Lyon@contoso.local,555-4322,Accounting,P@ssword,Green Bay,Initech,US,Robert Lyon,Robert.Lyon@contoso.local,Initech,WI
Fidelma McGinn,"OU=Accounting,OU=Corp,DC=contoso,DC=local",Fidelma.McGinn,Fidelma.McGinn@contoso.local,555-4324,Accounting,P@ssword,Green Bay,Initech,US,Fidelma McGinn,Fidelma.McGinn@contoso.local,Initech,WI
Michelle Votava,"OU=InfoTech,OU=Corp,DC=contoso,DC=local",Michelle.Votava,Michelle.Votava@contoso.local,555-4325,InfoTech,P@ssword,Green Bay,Initech,US,Michelle Votava,Michelle.Votava@contoso.local,Initech,WI
Ray Sambroski,"OU=InfoTech,OU=Corp,DC=contoso,DC=local",Ray.Sambroski,Ray.Sambroski@contoso.local,555-4326,InfoTech,P@ssword,Green Bay,Initech,US,Ray Sambroski,Ray.Sambroski@contoso.local,Initech,WI
Anne Paper,"OU=InfoTech,OU=Corp,DC=contoso,DC=local",Anne.Paper,Anne.Paper@contoso.local,555-2234,InfoTech,P@ssword,Green Bay,Initech,US,Anne Paper,Anne.Paper@contoso.local,Initech,WI
Fukiko Ogisu,"OU=Sales,OU=Corp,DC=contoso,DC=local",Fukiko.Ogisu,Fukiko.Ogisu@contoso.local,555-2236,Sales,P@ssword,Green Bay,Initech,US,Fukiko Ogisu,Fukiko.Ogisu@contoso.local,Initech,WI
James Smith,"OU=Sales,OU=Corp,DC=contoso,DC=local",James.Smith,James.Smith@contoso.local,555-2239,Sales,P@ssword,Green Bay,Initech,US,James Smith,James.Smith@contoso.local,Initech,WI
Jan Miksovy,"OU=Accounting,OU=Corp,DC=contoso,DC=local",Jan.Miksovy,Jan.Miksovy@contoso.local,555-2239,Accounting,P@ssword,Green Bay,Initech,US,Jan Miksovy,Jan.Miksovy@contoso.local,Initech,WI
Jon Morris,"OU=developers,OU=Corp,DC=contoso,DC=local",Jon.Morris,Jon.Morris@contoso.local,555-2230,developers,P@ssword,Green Bay,Initech,US,Jon Morris,Jon.Morris@contoso.local,Initech,WI
Judy Lew,"OU=Sales,OU=Corp,DC=contoso,DC=local",Judy.Lew,Judy.Lew@contoso.local,555-2232,Sales,P@ssword,Green Bay,Initech,US,Judy Lew,Judy.Lew@contoso.local,Initech,WI
Kim Yoshida,"OU=InfoTech,OU=Corp,DC=contoso,DC=local",Kim.Yoshida,Kim.Yoshida@contoso.local,555-2232,InfoTech,P@ssword,Green Bay,Initech,US,Kim Yoshida,Kim.Yoshida@contoso.local,Initech,WI
Laurent Vernhes,"OU=InfoTech,OU=Corp,DC=contoso,DC=local",Laurent.Vernhes,Laurent.Vernhes@contoso.local,555-2233,InfoTech,P@ssword,Green Bay,Initech,US,Laurent Vernhes,Laurent.Vernhes@contoso.local,Initech,WI
Luis Bonifaz,"OU=Executive,OU=Corp,DC=contoso,DC=local",Luis.Bonifaz,Luis.Bonifaz@contoso.local,555-4322,Executive,P@ssword,Green Bay,Initech,US,Luis Bonifaz,Luis.Bonifaz@contoso.local,Initech,WI
Meng Phua,"OU=Sales,OU=Corp,DC=contoso,DC=local",Meng.Phua,Meng.Phua@contoso.local,555-4322,Sales,P@ssword,Green Bay,Initech,US,Meng Phua,Meng.Phua@contoso.local,Initech,WI
Sandra Martinez,"OU=InfoTech,OU=Corp,DC=contoso,DC=local",Sandra.Martinez,Sandra.Martinez@contoso.local,555-4324,InfoTech,P@ssword,Green Bay,Initech,US,Sandra Martinez,Sandra.Martinez@contoso.local,Initech,WI
Stefan Knorr,"OU=Sales,OU=Corp,DC=contoso,DC=local",Stefan.Knorr,Stefan.Knorr@contoso.local,555-4325,Sales,P@ssword,Green Bay,Initech,US,Stefan Knorr,Stefan.Knorr@contoso.local,Initech,WI
Sunil Koduri,"OU=Sales,OU=Corp,DC=contoso,DC=local",Sunil.Koduri,Sunil.Koduri@contoso.local,555-4326,Sales,P@ssword,Green Bay,Initech,US,Sunil Koduri,Sunil.Koduri@contoso.local,Initech,WI
